epoch,lr,train_loss,train_aux_loss,grad_norm_mean,grad_norm_max,val_auc_roc,val_auc_pr,val_f1,val_accuracy,val_precision,val_recall,val_brier,val_ece,epoch_s
1,1.4999999999999999e-05,0.23574987403404565,,7.950087706247966,8.683588981628418,0.35099477415608715,0.16668271998231576,0.36260932944606417,0.22266666666666668,0.22145559759626085,1.0,0.5246204137802124,0.5781423363553153,4.380376300003263
2,2.9999999999999997e-05,0.16773945957790187,,5.878713272236012,7.701257228851318,0.3768312317651023,0.1751351384509862,0.2921739130434783,0.27644444444444444,0.18640776699029127,0.6753768844221105,0.32468700408935547,0.3657413591278924,3.9622721999985515
3,4.4999999999999996e-05,0.10591171424330016,,1.9068525588070904,3.746983528137207,0.5805493946193163,0.3075318546250917,0.2640099626400996,0.7373333333333333,0.3469721767594108,0.21306532663316582,0.2082914263010025,0.19536052341759205,3.892939799996384
4,5.9999999999999995e-05,0.08333180771197801,,0.8940202093418733,1.413488745689392,0.6741285600613625,0.43704063499850254,0.39527656929770044,0.7837777777777778,0.5179153094462541,0.31959798994974875,0.21039479970932007,0.2281941948632399,3.9048531000007642
5,7.5e-05,0.07347800817202639,,0.6091198821862539,0.9650852084159851,0.7058591101011477,0.47085593783909135,0.4591564335290977,0.7748888888888888,0.489749430523918,0.4321608040201005,0.21834127604961395,0.2508369069894155,3.98735509999824
6,8.999999999999999e-05,0.06868263789349133,,0.4519174904735,0.6234195232391357,0.7209688958343787,0.4885936608120409,0.48370136698212407,0.7817777777777778,0.5071664829106945,0.4623115577889447,0.2191823124885559,0.2551551520460182,4.126507500004664
7,0.00010499999999999999,0.06534550978261748,,0.3876986669169532,0.6517885327339172,0.7270849253399667,0.49656511912673656,0.49554896142433236,0.7733333333333333,0.4878286270691334,0.5035175879396985,0.22065414488315582,0.2603095071978039,3.9444083999987924
8,0.00011999999999999999,0.06289118620348566,,0.33811341446858867,0.5265430808067322,0.7387799195693159,0.5062246698882361,0.5076092292587138,0.7771111111111111,0.4961612284069098,0.5195979899497487,0.22210799157619476,0.2666896784537368,4.265523199996096
9,0.000135,0.06084767457695655,,0.2849172228648339,0.4541236162185669,0.740572907332669,0.5066377011424559,0.5076923076923077,0.7724444444444445,0.48663594470046084,0.5306532663316583,0.22027580440044403,0.2641773305303521,3.9790291000026627
10,0.00015,0.05880272797780273,,0.250830348443102,0.39066314697265625,0.7451736571588328,0.5106043341945045,0.5109489051094891,0.7617777777777778,0.4678362573099415,0.5628140703517588,0.2205941081047058,0.26478982535998025,4.019745600002352
11,0.000165,0.05773257799906495,,0.23318753143151602,0.3701038062572479,0.7478207012236647,0.5131553782086601,0.5127041742286751,0.7613333333333333,0.46732837055417703,0.5678391959798995,0.2182331681251526,0.2610935278236866,3.9015445000040927
12,0.00017999999999999998,0.05653604161408213,,0.2159546532748658,0.384591281414032,0.7504274582613496,0.5158410367606353,0.5208822149225716,0.7731111111111111,0.488556338028169,0.5577889447236181,0.21436959505081177,0.25522217972742184,4.279769300002954
13,0.000195,0.05557018357478542,,0.19615585172985806,0.2844509780406952,0.7554226195169859,0.5193206439817732,0.5290617848970252,0.7713333333333333,0.4857142857142857,0.5809045226130654,0.2154170721769333,0.25957527890470294,3.9444450000009965
14,0.00020999999999999998,0.055215823383610925,,0.18979877822193097,0.28318917751312256,0.7566263557444857,0.5208478508834719,0.5356976201586561,0.7788888888888889,0.5,0.5768844221105528,0.21101203560829163,0.2528142912122939,4.089806599993608
15,0.000225,0.05464609827340385,,0.17876647421975195,0.2593667209148407,0.7583688771962522,0.5222775064649328,0.533273782938812,0.7677777777777778,0.47990353697749194,0.6,0.2140059471130371,0.261209389951494,3.918401700000686
16,0.00023999999999999998,0.05401555899484658,,0.1598682338256895,0.23166565597057343,0.7589045082760448,0.5246580382110624,0.5349462365591398,0.7693333333333333,0.4826192400970089,0.6,0.21022912859916687,0.2550573621160454,4.769013700002688
17,0.00025499999999999996,0.05376278093935531,,0.15793014188975463,0.26989302039146423,0.7624801611481086,0.5299596654627172,0.5349354695149088,0.7677777777777778,0.48003194888178913,0.6040201005025125,0.2103721648454666,0.2569755275944869,4.127506599994376
18,0.00027,0.05312153324484825,,0.1484940877115285,0.25211599469184875,0.7613390776994817,0.5313507196924112,0.5366726296958855,0.7697777777777778,0.48348106365834004,0.6030150753768844,0.20738494396209717,0.2523657899697621,4.354213999999047
19,0.000285,0.05308106615219587,,0.14440832452641594,0.2566967308521271,0.7634100602871707,0.5348662622657788,0.5355239786856127,0.7675555555555555,0.4797136038186158,0.6060301507537689,0.20906195044517517,0.2564672574599584,3.94917390000046
20,0.0003,0.052411474379492395,,0.13452625109089744,0.17866301536560059,0.76362568907304,0.538650544238534,0.5363079615048119,0.7644444444444445,0.4748257164988381,0.6160804020100502,0.21138140559196472,0.26055451455050044,4.39356659999612
21,0.00029997738273072406,0.05230056351901573,,0.12952733600949062,0.17344990372657776,0.7639882723173643,0.5396021623042109,0.5356828193832599,0.7657777777777778,0.4768627450980392,0.6110552763819096,0.20811569690704346,0.25695917009645036,5.039530000001832
22,0.0002999095378123357,0.0524251158406705,,0.12004316221048802,0.183263897895813,0.7663514433795224,0.5442966246019383,0.5369545859305432,0.7688888888888888,0.48201438848920863,0.6060301507537689,0.20766404271125793,0.2559276274442673,4.103065499999502
23,0.00029979648591105414,0.05212976273011278,,0.11677575792059486,0.16758091747760773,0.7664330210252402,0.5460092603455552,0.5387682764731945,0.7686666666666667,0.48177496038034867,0.6110552763819096,0.2069803923368454,0.2561622988846567,3.8524531000002753
24,0.0002996382614635839,0.05180512382476418,,0.11349965411203879,0.18080997467041016,0.7671394060172474,0.5476742651486215,0.5400355871886121,0.7702222222222223,0.48443735035913804,0.6100502512562814,0.20709069073200226,0.2582826437950134,4.028178599997773
25,0.0002994349126666242,0.051773268545483364,,0.1127146061187909,0.16953636705875397,0.7678442139370175,0.5505868840755277,0.5385296722763507,0.7684444444444445,0.48139350752177357,0.6110552763819096,0.20831894874572754,0.25993476847145286,3.8479378999982146
26,0.00029918650146218856,0.05164174303228473,,0.10594754169384639,0.15459372103214264,0.7681818507659554,0.5533132840569693,0.5401069518716578,0.7706666666666667,0.4851881505204163,0.6090452261306533,0.20845721662044525,0.25950868549611833,4.242983099997218
27,0.0002988931035187363,0.0515885428973922,,0.10699829633957074,0.14364507794380188,0.7685501688184144,0.5552974968116262,0.5416854438936458,0.774,0.4910130718954248,0.6040201005025125,0.20830440521240234,0.2615724743405978,3.9710830000040005
28,0.0002985548082081232,0.05152733357232294,,0.1011296773766294,0.1401873528957367,0.7694344762328045,0.5557212441774602,0.5421412300683371,0.7766666666666666,0.49583333333333335,0.5979899497487438,0.20650827884674072,0.25893361118104724,4.078203199998825
29,0.00029817171857837797,0.05117468209362325,,0.100519701194616,0.13604450225830078,0.7683021383665833,0.5564609489684361,0.5411116214974736,0.778,0.4983079526226734,0.5919597989949749,0.20374161005020142,0.25476489952537745,3.9222898000007262
30,0.00029774395132231286,0.05115857242066183,,0.10151043129555973,0.17621532082557678,0.7687772672205536,0.5575034416557725,0.5419881979119383,0.7757777777777778,0.49420529801324503,0.6,0.20521703362464905,0.256169780380196,4.132764400004817
31,0.00029727163674197804,0.051116793151990865,,0.09679130244034308,0.1360897570848465,0.7700521150689252,0.5588667113108325,0.5421245421245421,0.7777777777777778,0.4978973927670311,0.5949748743718593,0.2068837434053421,0.2605095386041536,4.035719500003324
32,0.0002967549187089701,0.05110108645425902,,0.10014777694955285,0.16310258209705353,0.7699639423938524,0.5597894091312088,0.5440366972477064,0.7791111111111111,0.5004219409282701,0.5959798994974874,0.20680508017539978,0.2604806788563728,4.664017600000079
33,0.00029619395462060743,0.05089260219239894,,0.09863029953874188,0.16030088067054749,0.7703325471867181,0.5594667894294761,0.5444546287809349,0.7791111111111111,0.5004212299915753,0.5969849246231156,0.20447683334350586,0.2562700652546353,4.316029299996444
34,0.0002955889153519854,0.05074272070218016,,0.09554547439386815,0.16868506371974945,0.7706687503136223,0.5594366717459585,0.5453707968678029,0.7806666666666666,0.5034013605442177,0.5949748743718593,0.20559020340442657,0.25770171242290074,4.3056111999976565
35,0.0002949399852039266,0.05099038830325927,,0.09595948853242545,0.16342699527740479,0.7717251019720571,0.5602406123455635,0.5436179981634527,0.7791111111111111,0.5004226542688082,0.5949748743718593,0.20478728413581848,0.2566972726980845,3.811656600002607
36,0.00029424736184684034,0.05076619072092904,,0.09553580574783278,0.18432235717773438,0.7716149936558685,0.5601246283730139,0.5452881976212259,0.7791111111111111,0.5004198152812762,0.5989949748743718,0.20691050589084625,0.26003880242506666,4.5107577000017045
37,0.00029351125626051074,0.0509766178826491,,0.09024107373423046,0.13884738087654114,0.7718402282453638,0.5608950695726621,0.5449615906009941,0.7762222222222223,0.49507389162561577,0.6060301507537689,0.20685331523418427,0.26013464232948086,3.9458010000016657
38,0.0002927318926698303,0.05079592470033669,,0.08757872879505157,0.13275745511054993,0.772295572011269,0.5624367695004783,0.5452881976212259,0.7791111111111111,0.5004198152812762,0.5989949748743718,0.20434632897377014,0.25563014631138914,4.9292949000009685
39,0.0002919095084764985,0.05073090555307306,,0.09239949699905184,0.14214719831943512,0.772563674291572,0.5629500409103783,0.5454545454545454,0.7777777777777778,0.4979253112033195,0.6030150753768844,0.20507247745990753,0.2579951308303409,4.32283489999827
40,0.0002910443541867074,0.050699350228648125,,0.08985915577705995,0.12777552008628845,0.7722551416139184,0.5608218320718649,0.5406376290974405,0.7726666666666666,0.48863636363636365,0.6050251256281407,0.20570342242717743,0.2575444106128481,4.065684799999872
41,0.0002901366933348344,0.05070742325466356,,0.09011466028513732,0.12286633998155594,0.7731241084165478,0.5618918242740231,0.5428443248093315,0.7735555555555556,0.49027552674230146,0.6080402010050251,0.20700234174728394,0.26031587050358457,3.8986365999953705
42,0.0002891868024031679,0.05062823066556895,,0.08847884990182923,0.13689763844013214,0.7728604506125492,0.5610223789034321,0.5433318365514145,0.774,0.49107142857142855,0.6080402010050251,0.20669935643672943,0.259699727025297,4.6854536999962875
43,0.0002881949707376874,0.050593422886766035,,0.08982181894006552,0.13755927979946136,0.7728370812693999,0.5617975680560229,0.541814946619217,0.7711111111111111,0.4860335195530726,0.6120603015075377,0.2081567794084549,0.26281784872876274,4.100976300003822
44,0.0002871615004599262,0.05049174237582418,,0.08724554591340783,0.13423308730125427,0.7732210266740264,0.5607719489829416,0.5434298440979956,0.7722222222222223,0.488,0.6130653266331658,0.20637620985507965,0.25991549515061907,3.9787240000005113
45,0.00028608670637494255,0.05054261383635027,,0.08544455123720346,0.12201595306396484,0.7736922845325056,0.5610029018652233,0.5428571428571428,0.7724444444444445,0.4883534136546185,0.6110552763819096,0.2070259302854538,0.26124413929382956,3.9086966999966535
46,0.0002849709158754263,0.050403400519747794,,0.08520156761378418,0.14728371798992157,0.7738082710270324,0.5615832833894785,0.5421310744538564,0.7717777777777778,0.48717948717948717,0.6110552763819096,0.205542653799057,0.2585256816744805,4.7645086999982595
47,0.0002838144688419726,0.050375046415461436,,0.08447041560286357,0.13331730663776398,0.7738161563882179,0.5614725734688243,0.5461883408071749,0.7751111111111111,0.4931174089068826,0.6120603015075377,0.2078900784254074,0.26256915191147057,3.9397671000042465
48,0.00028261771753955065,0.05047596526550658,,0.08555956718362408,0.1368451714515686,0.7741721446031871,0.5613795322348518,0.5431654676258992,0.7742222222222223,0.49145646867371845,0.607035175879397,0.2060225009918213,0.25917822525236345,4.28930119999859
49,0.0002813810265102002,0.05039777257192282,,0.0821796566431905,0.1269102394580841,0.7740438282711704,0.5625342821304928,0.5440070765148165,0.7708888888888888,0.48578199052132703,0.6180904522613065,0.20822392404079437,0.2631612400876151,3.8843116000061855
50,0.0002801047724619891,0.05040222438581196,,0.08237220291738157,0.1369190514087677,0.7742998874543904,0.5612413240202775,0.5454545454545454,0.7755555555555556,0.4938875305623472,0.6090452261306533,0.20537109673023224,0.25818455680211383,4.056577000003017
51,0.00027878934415426367,0.050581181352889096,,0.08162366557452413,0.11490926146507263,0.7745843339378777,0.5620473184117067,0.542492294143549,0.7691111111111111,0.4827586206896552,0.6190954773869347,0.20725809037685394,0.2609883176220788,3.8875817000007373
52,0.0002774351422792292,0.05012608117159502,,0.08432702522402928,0.14919498562812805,0.774653725116309,0.5618135688305617,0.5466063348416289,0.7773333333333333,0.497119341563786,0.607035175879397,0.2025519460439682,0.25294879961013794,4.660036400004174
53,0.00027604257933989544,0.05043813498851694,,0.080752228697141,0.12110991030931473,0.7746912881095922,0.5621319785246298,0.5448028673835126,0.7742222222222223,0.49151172190784154,0.6110552763819096,0.20501278340816498,0.25768810271554526,3.8931730999975116
54,0.00027461207952442365,0.050157831958782526,,0.08421572398992232,0.12352113425731659,0.7750631904171357,0.5610876787523539,0.5439144003566652,0.7726666666666666,0.48878205128205127,0.6130653266331658,0.20294569432735443,0.25421308198240067,3.996057700001984
55,0.0002731440785769153,0.050256674396403044,,0.08270856811676497,0.13424034416675568,0.7752442669839927,0.5620396249654338,0.5455349248452697,0.7715555555555556,0.48697711128650356,0.6201005025125628,0.20377767086029053,0.2556529199017419,3.961961399996653
56,0.00027163902366467965,0.050362937750271806,,0.08514715142456102,0.14081454277038574,0.7749906450942301,0.5616383431864603,0.5422842197035745,0.7666666666666667,0.47882986913010006,0.6251256281407035,0.20850130915641785,0.2631329043176439,4.31569909999962
57,0.00027009737324202297,0.05027698720862836,,0.08003236794913257,0.1300279051065445,0.7750729395909648,0.5608286741841312,0.5435356200527705,0.7693333333333333,0.4831899921813917,0.6211055276381909,0.20714598894119263,0.2614939014779197,3.9078797999973176
58,0.00026851959691059815,0.050245487257654285,,0.08164196847765534,0.1383177787065506,0.775431651839798,0.5612450146840958,0.5419018671298307,0.7655555555555555,0.47706422018348627,0.6271356783919598,0.20801250636577606,0.2626988614930047,4.231045100001211
59,0.0002669061752763602,0.05031954188957626,,0.08167814665738447,0.12810276448726654,0.7750462727331378,0.560545531926542,0.5436893203883495,0.7702222222222223,0.4846577498033045,0.6190954773869347,0.20584113895893097,0.2589541991551717,3.9667977999997674
60,0.0002652575998031682,0.05023396866005144,,0.07891113140884741,0.12261750549077988,0.775213442390268,0.5610086855570104,0.5432967032967033,0.7691111111111111,0.4828125,0.6211055276381909,0.20371703803539276,0.2552864208817482,4.372749400004977
61,0.00026357437266308164,0.050274078998668696,,0.08002638412110599,0.14067116379737854,0.7751516498326152,0.5612402314529535,0.5431449846692948,0.7682222222222223,0.4813664596273292,0.6231155778894473,0.20544685423374176,0.25890602658854595,3.9158574000030058
62,0.000261857006583393,0.05008284002542496,,0.07558022848801849,0.13105903565883636,0.7753254145191004,0.5605923993994111,0.5428194993412385,0.7686666666666667,0.48205928237129486,0.6211055276381909,0.20258693397045135,0.25385790179835427,4.275963699998101
63,0.0002601060246904468,0.05020777697180524,,0.08105684918018034,0.12283837050199509,0.7758012602240876,0.5602908875644605,0.5432967032967033,0.7691111111111111,0.4828125,0.6211055276381909,0.20578700304031372,0.2592545024222798,3.950510000002396
64,0.0002583219603502897,0.05006329305929902,,0.07596164224324403,0.10732422769069672,0.7760395415020896,0.5597406333260412,0.5425672695191883,0.7695555555555555,0.4834905660377358,0.6180904522613065,0.2023841142654419,0.2537722055580881,4.062881099998776
65,0.0002565053570062023,0.05014829374389884,,0.08040206672416793,0.12752434611320496,0.7759681431408111,0.5596197311314439,0.5375053579082726,0.7602222222222222,0.46860986547085204,0.6301507537688442,0.20895567536354065,0.26420279900895227,3.9810073999979068
66,0.00025465676801316107,0.050161571230417416,,0.0790527928850533,0.12598371505737305,0.7763390418569309,0.558825885133124,0.5422842197035745,0.7666666666666667,0.47882986913010006,0.6251256281407035,0.20661918818950653,0.2607806187735664,4.414493299998867
67,0.000252776756469281,0.0501051681737105,,0.07962171627599517,0.12005185335874557,0.7759236983777661,0.5585025100925927,0.5436212187637002,0.7686666666666667,0.4821150855365474,0.6231155778894473,0.20563927292823792,0.2586823674970202,3.7499969999989844
68,0.00025086589504429044,0.049942492932817086,,0.07671659918111047,0.1400076150894165,0.775798679560427,0.5589702153842053,0.541648495420846,0.7664444444444445,0.47842835130970723,0.6241206030150753,0.20358018577098846,0.2553104926811324,4.314126800003578
69,0.0002489247658050903,0.05010420327753196,,0.07545487766648516,0.11980956792831421,0.776242410339859,0.559088090725322,0.5447227191413238,0.7737777777777778,0.49073327961321517,0.6120603015075377,0.20301027595996857,0.25418058347039746,3.9601146999993944
70,0.00024695396003845103,0.049997826739225856,,0.07662412763377767,0.1281948834657669,0.7761049183148266,0.5592506315721535,0.5375697724345213,0.7606666666666667,0.46926536731634183,0.629145728643216,0.20596995949745178,0.25978274742099977,4.389123100001598
71,0.00024495407807090085,0.049978631606072556,,0.07597968235243986,0.1029072254896164,0.7765434877669375,0.5585943717274312,0.5417766051011433,0.7684444444444445,0.48162627052384677,0.6190954773869347,0.20636187493801117,0.26001092014710103,3.750981299999694
72,0.00024292572908586022,0.04992736144750207,,0.07786871759611884,0.12335806339979172,0.7764157449157342,0.559075676595933,0.536711034778875,0.7602222222222222,0.46851574212893554,0.628140703517588,0.20558682084083557,0.25890013562308417,4.590313900000183
73,0.0002408695309380792,0.05003013825159014,,0.07628289210023703,0.12324512749910355,0.7768518770743876,0.5589636400401068,0.5450490633363069,0.7733333333333333,0.48997594226142743,0.614070351758794,0.20291148126125336,0.2543850162426631,3.9224114999960875
74,0.00023878610996543221,0.050084222200108164,,0.07827406316811655,0.12833237648010254,0.776446999620069,0.5574899296040068,0.5429583702391497,0.7706666666666667,0.48535233570863023,0.6160804020100502,0.20508554577827454,0.2572079812751876,4.224848600002588
75,0.0002366761007981303,0.04998110050772443,,0.080271112928052,0.13810445368289948,0.7765399035118531,0.5586137436025647,0.5458612975391499,0.7744444444444445,0.49193548387096775,0.6130653266331658,0.20239371061325073,0.2534481862121158,3.915849700002582
76,0.00023454014616540588,0.049931637206931175,,0.07614739367991318,0.11983421444892883,0.7763443465544556,0.5571717403740085,0.5315699658703071,0.756,0.4618235730170497,0.6261306532663317,0.20673620700836182,0.2602915788557794,4.663159700001415
77,0.00023237889669973152,0.04980425789584348,,0.07858461748670649,0.1422252058982849,0.7764350998931893,0.5582048059654738,0.5415194346289752,0.7693333333333333,0.4830575256107171,0.6160804020100502,0.20475630462169647,0.2572463605536355,3.8569690000003902
78,0.00023019301073863091,0.04991268748302519,,0.0780222921827693,0.12653978168964386,0.7764414081821374,0.5579264447138825,0.5338474721508141,0.7582222222222222,0.4652725914861837,0.6261306532663317,0.20705564320087433,0.26095629454983604,4.0282896000062465
79,0.00022798315412414304,0.049761658603394474,,0.0755773444234589,0.11018151789903641,0.7765691510333408,0.5577307504790403,0.5455349248452697,0.7715555555555556,0.48697711128650356,0.6201005025125628,0.2028912901878357,0.25426097126801805,3.9437317999982042
80,0.00022574999999999996,0.049867133115544734,,0.07591233154137929,0.11293593794107437,0.7765224123470419,0.5571075022388304,0.5467497773820125,0.7737777777777778,0.4908073541167066,0.6170854271356784,0.20270651578903198,0.25353419802586236,4.754780199997185
81,0.00022349422860658106,0.04991662410306342,,0.07828943362390553,0.13663026690483093,0.7766470010537709,0.557683958290986,0.5439367311072056,0.7693333333333333,0.48321623731459795,0.6221105527638191,0.20338186621665955,0.2548751164939668,4.276493299999856
82,0.00022121652707370474,0.04980718459428093,,0.0765493398555267,0.12294913083314896,0.7765466419114115,0.5572914663693099,0.5417032484635645,0.768,0.4809041309431021,0.6201005025125628,0.20540939271450043,0.2579946917295456,4.029406699999527
83,0.00021891758921132267,0.049852528137925234,,0.0783646058889083,0.14625485241413116,0.776600549107879,0.5577759408654912,0.534763948497854,0.7591111111111111,0.4666666666666667,0.6261306532663317,0.20550447702407837,0.2587467246254285,3.92898779999814
84,0.00021659811529817796,0.05000795469975766,,0.07758123211470651,0.14930269122123718,0.7765700112545609,0.557274090988775,0.5358202628232301,0.7566666666666667,0.4633431085043988,0.6351758793969849,0.20743206143379211,0.2619140523937013,4.141131999997015
85,0.00021425881186849384,0.04972030677729183,,0.0770217390432034,0.11781417578458786,0.7767280052186754,0.5576813682418499,0.5389948006932409,0.7635555555555555,0.4737242955064737,0.6251256281407035,0.204057976603508,0.25635472825500694,3.876345999997284
86,0.00021190039149675635,0.04982937334312333,,0.08025194626347518,0.14870986342430115,0.7765774665051363,0.557564277542665,0.5365434221840069,0.7604444444444445,0.46882043576258453,0.6271356783919598,0.20522677898406982,0.25825998820861173,3.972206799997366
87,0.00020952357258065713,0.04968013297076578,,0.07478426180687951,0.13432492315769196,0.7768808378554684,0.557778871396302,0.5368375700129254,0.7611111111111111,0.4698340874811463,0.6261306532663317,0.2034127563238144,0.25471393325593733,3.9621460999987903
88,0.00020712907912226296,0.04977548885860561,,0.07863796782898314,0.11593830585479736,0.7768481494491001,0.5577111737401313,0.5366262034323985,0.754,0.4598278335724534,0.6442211055276382,0.2081056833267212,0.26324983056386314,4.920201000000816
89,0.00020471764050747707,0.04990983188704208,,0.07483636426888866,0.11951721459627151,0.776894171284382,0.557472034768139,0.5396551724137931,0.7626666666666667,0.47245283018867923,0.629145728643216,0.20475463569164276,0.2570487855739064,4.102911699999822
90,0.0002022899912838618,0.049770225299361315,,0.07537365014906283,0.11643059551715851,0.7768302281736787,0.5574733163701635,0.5397653194263363,0.7646666666666667,0.47549770290964777,0.6241206030150753,0.20655885338783264,0.2599295802182621,4.286131100001512
91,0.00019984687093688774,0.04957139101109387,,0.0756930551595158,0.12697094678878784,0.7767050659861361,0.5570232716674847,0.5393258426966292,0.7631111111111111,0.47308567096285065,0.6271356783919598,0.2037000060081482,0.2548395769132509,3.971059700001206
92,0.00019738902366467966,0.04961204239063793,,0.07434532060115426,0.1146293431520462,0.7768548878486584,0.5575635287431924,0.5363984674329502,0.758,0.465288035450517,0.6331658291457286,0.2060271054506302,0.25976675279935196,4.10487980000471
93,0.0001949171981513264,0.04993120820066075,,0.07888878559992638,0.14500170946121216,0.7772303744112861,0.557894118913468,0.5402348847324924,0.7651111111111111,0.4762269938650307,0.6241206030150753,0.20592418313026428,0.2594214400649071,3.8397299999996903
94,0.00019243214733882436,0.0495316759671694,,0.07639163042660113,0.11560772359371185,0.7771787611380726,0.5582682202813614,0.5401396160558464,0.7657777777777778,0.4772552043176561,0.6221105527638191,0.2046709805727005,0.25720496352513633,4.017995300004259
95,0.0001899346281977243,0.04970939107883124,,0.07844229916363586,0.11524731665849686,0.7774167556756679,0.5581151303159673,0.5400953619419159,0.7642222222222222,0.47484756097560976,0.6261306532663317,0.20495520532131195,0.25756538398398293,3.9511255000034
96,0.00018742540149655062,0.04975690126970962,,0.07543143924371695,0.11209937930107117,0.7773542462669983,0.5578912275897931,0.5397236614853195,0.7631111111111111,0.47312641937925815,0.628140703517588,0.2040330171585083,0.2557922602560786,4.398449599997548
97,0.00018490523157006395,0.04959183650804155,,0.0766072255777724,0.11716210097074509,0.7773651424024545,0.5575265101765187,0.540962288686606,0.7646666666666667,0.47560975609756095,0.6271356783919598,0.20222154259681702,0.25317878098620306,3.9392358000040986
98,0.00018237488608643723,0.049726979002172565,,0.08049424447947079,0.12253344058990479,0.7772977584068703,0.5569618083558463,0.5426695842450766,0.7677777777777778,0.4806201550387597,0.6231155778894473,0.2030325084924698,0.25405572932958603,4.189620400000422
99,0.0001798351358134169,0.04960020272820084,,0.07651798680056761,0.13022221624851227,0.7775810579287307,0.5573885227558929,0.5383626232318903,0.7606666666666667,0.4693572496263079,0.6311557788944724,0.20564088225364685,0.2584261536002159,3.957630099997914
100,0.00017728675438353917,0.04970225563019882,,0.07847761799707825,0.12954235076904297,0.7775024910572835,0.5580007456447282,0.5433929350196249,0.7673333333333333,0.47996918335901384,0.6261306532663317,0.20444129407405853,0.25667033764388825,4.024975500004075
101,0.00017473051805847427,0.049661036442827294,,0.07543351487429054,0.1271105408668518,0.7773217012308331,0.5587320961914171,0.5388513513513513,0.7573333333333333,0.4646758922068463,0.6412060301507537,0.20696091651916504,0.2607606125275294,4.056905099998403
102,0.00017216720549256972,0.04953961892996305,,0.0770286923205411,0.114376962184906,0.7775948214682542,0.5580978118402791,0.5404018811457888,0.7611111111111111,0.47023809523809523,0.6351758793969849,0.20555786788463593,0.2585689405997594,4.851514199996018
103,0.0001695975974956644,0.049399890603474626,,0.07915869056258673,0.12067046016454697,0.777753675653589,0.5580540708217353,0.5442536327608983,0.77,0.4843260188087774,0.6211055276381909,0.20067963004112244,0.24990061512258316,4.106485799995426
104,0.00016702247679524653,0.04961293370083526,,0.07792540207321261,0.10978716611862183,0.7777697331163664,0.5585288047402096,0.5397236614853195,0.7631111111111111,0.47312641937925815,0.628140703517588,0.2048366814851761,0.25717337850729627,4.364323199995852
105,0.00016444262779802724,0.04975420650508669,,0.07302385766381099,0.11849363148212433,0.7776511659581788,0.5582042249298405,0.5426961421759862,0.7655555555555555,0.4771341463414634,0.629145728643216,0.20549166202545166,0.258034474518564,3.7398746000035317
106,0.00016185883635100258,0.049800179806756384,,0.0763503210504114,0.12197816371917725,0.777862063527337,0.5581076801393414,0.5468197879858657,0.772,0.48778565799842394,0.6221105527638191,0.20283959805965424,0.25376370418734023,4.324433800000406
107,0.00015927188950207717,0.049599821782774396,,0.07621704630645705,0.13577449321746826,0.7777955397529732,0.5580630261703916,0.544259421560035,0.7688888888888888,0.4825174825174825,0.6241206030150753,0.2042762041091919,0.25596081863509285,4.014655400002084
108,0.0001566825752603214,0.04961399517861413,,0.07471572911297833,0.1040044054389,0.7779381931053269,0.5581951855556491,0.543572044866264,0.7648888888888888,0.47619047619047616,0.6331658291457286,0.20464475452899933,0.2566065598262681,4.098326899998938
109,0.0001540916823559366,0.04973502572119972,,0.07620467714689395,0.12754760682582855,0.7779565444913584,0.5584352911420252,0.5413469735720375,0.7608888888888888,0.4700222057735011,0.6381909547738693,0.2068093866109848,0.2604401634401745,3.9757457000014256
110,0.0001515,0.04937944570441305,,0.07657471800475944,0.10660994797945023,0.7780821367895111,0.5586132449590328,0.5381052631578948,0.7562222222222222,0.46304347826086956,0.6422110552763819,0.2060302495956421,0.2592554244730208,4.185621800002991
111,0.00014890831764406337,0.04971768012569274,,0.07658391772412959,0.11874572932720184,0.7780927461845606,0.5588196323931458,0.5414847161572053,0.7666666666666667,0.47876447876447875,0.6231155778894473,0.20283499360084534,0.25400203478336336,3.9496157000030507
112,0.00014631742473967862,0.049639146085138676,,0.0763812862612583,0.11974948644638062,0.7781512412275357,0.55839772952755,0.5442536327608983,0.77,0.4843260188087774,0.6211055276381909,0.20358465611934662,0.25486341964536247,4.346131099999184
113,0.00014372811049792283,0.049536062933412596,,0.07632103295605859,0.14989085495471954,0.7781192696721839,0.5574071352159155,0.5415959252971138,0.76,0.46877296105804556,0.6412060301507537,0.20633317530155182,0.2602138862013817,3.9386801999935415
114,0.00014114116364899738,0.04958100966465326,,0.07491200996769799,0.11352001130580902,0.7781556857038402,0.558177621496133,0.5426621160409556,0.7617777777777778,0.4714603409933284,0.6391959798994975,0.20675048232078552,0.2605887432098389,4.596067500002391
115,0.00013855737220197273,0.04958034486130432,,0.07543292213921193,0.11068838834762573,0.778190811403666,0.5582704507963822,0.541791684526361,0.7624444444444445,0.47234678624813153,0.6351758793969849,0.2063540518283844,0.25961469031042517,3.851663199995528
116,0.00013597752320475346,0.04947413260370125,,0.07218568836465294,0.11087666451931,0.7781608470311615,0.5587777435308716,0.5413276231263383,0.762,0.4716417910447761,0.6351758793969849,0.20468886196613312,0.25708863425254824,4.1527964000051725
117,0.0001334024025043356,0.04949280840379221,,0.07424416498821458,0.12104254961013794,0.7782401307536255,0.5585283037623461,0.541046363249681,0.7602222222222222,0.4690265486725664,0.6391959798994975,0.20434097945690155,0.2567039014365938,4.0165790999963065
118,0.0001308327945074303,0.049619009649312054,,0.07508838277908018,0.13180825114250183,0.7781978365436312,0.5581196850289504,0.5447470817120622,0.766,0.4779969650986343,0.6331658291457286,0.20413102209568024,0.255831446270148,4.373477599998296
119,0.00012826948194152567,0.04953959142720258,,0.07374407180849417,0.11294427514076233,0.7783922465394018,0.5590028673345804,0.5449781659388646,0.7684444444444445,0.48185328185328186,0.6271356783919598,0.20287980139255524,0.2536141082512008,3.9163689999986673
120,0.00012571324561646085,0.049555194552665875,,0.07669429343055796,0.1273108869791031,0.7784984838600995,0.5591172595591009,0.5422260718925942,0.7651111111111111,0.4764079147640791,0.629145728643216,0.20377454161643982,0.255144049041801,4.1177779999998165
121,0.0001231648641865831,0.04937592056798346,,0.07513585300357253,0.11993324011564255,0.7786861554563116,0.5591313798310854,0.5438898450946644,0.7644444444444445,0.47554552294958613,0.6351758793969849,0.20437055826187134,0.25653601866960524,3.8908463999978267
122,0.00012062511391356276,0.04942919976181454,,0.0765532621262986,0.1178584173321724,0.7785814952078509,0.5586748976871153,0.5378435517970401,0.7571111111111111,0.4642335766423358,0.6391959798994975,0.20682625472545624,0.2608245781991216,4.111853599999449
123,0.00011809476842993607,0.04945554874009556,,0.07381249288166011,0.11849790066480637,0.778548663431279,0.5583640424726667,0.5443425076452599,0.7682222222222223,0.4814528593508501,0.6261306532663317,0.20243123173713684,0.25307637121280036,3.8996563000036986
124,0.00011557459850344936,0.049425749131190924,,0.07540555302927524,0.10853520780801773,0.7786657968874329,0.5581924011074302,0.5400593471810089,0.7588888888888888,0.4670087976539589,0.6402010050251257,0.2056676745414734,0.25886641351381945,4.654227799997898
125,0.00011306537180227564,0.04945937889041724,,0.07469818097205809,0.10632023960351944,0.7787417830952194,0.5584635989732591,0.5444201312910284,0.7686666666666667,0.4821705426356589,0.6251256281407035,0.20169924199581146,0.25185945216814676,3.8118567999990773
126,0.00011056785266117563,0.049546356324428394,,0.07635706676929085,0.12422138452529907,0.7786758328016689,0.5577875503136206,0.5449050086355786,0.7657777777777778,0.47766843300529904,0.6341708542713568,0.20377394556999207,0.2555833873550098,4.447826900002838
127,0.0001080828018486736,0.04961464227533635,,0.07450183195832336,0.11616477370262146,0.7785804916164273,0.5574619048777429,0.5425032037590773,0.762,0.47176820208023773,0.6381909547738693,0.20534998178482056,0.25832545149988595,3.9056307999999262
128,0.0001056109763353203,0.049444805600760894,,0.0730568017396662,0.09591789543628693,0.7787052236933598,0.5580006590624775,0.5445887445887446,0.7662222222222222,0.4783269961977186,0.6321608040201006,0.20351676642894745,0.2547858179410299,4.256392199997208
129,0.00010315312906311225,0.04952567976749973,,0.07588415160591219,0.11748877167701721,0.7786705281041442,0.5580329177192918,0.5426356589147286,0.764,0.4747550866616428,0.6331658291457286,0.20417480170726776,0.25592725227938756,3.996826399998099
130,0.0001007100087161382,0.049417446148984225,,0.07467542975037186,0.12050352990627289,0.7788289521788687,0.5578571231756912,0.5451388888888888,0.7671111111111111,0.479755538579068,0.6311557788944724,0.20389549434185028,0.25542747453848524,4.083340099998168
131,9.82823594925229e-05,0.04959571048801328,,0.07742239153127611,0.11378257721662521,0.7789232897726865,0.5579332755770372,0.5448275862068965,0.7653333333333333,0.4769811320754717,0.6351758793969849,0.20511174201965332,0.25728947159979076,3.909886199995526
132,9.587092087773705e-05,0.04943475191607887,,0.07629810241453441,0.12168467044830322,0.7788593466619832,0.5581662472216058,0.5452185201211597,0.7664444444444445,0.4787234042553192,0.6331658291457286,0.2043292075395584,0.25638711631960337,4.015911800001049
133,9.347642741934286e-05,0.04948216474350588,,0.07525866133747278,0.12050512433052063,0.7789677345357314,0.5578945562231976,0.5441696113074205,0.7706666666666667,0.4854215918045705,0.6190954773869347,0.2020532190799713,0.25206549292140534,3.9901543999949354
134,9.109960850324367e-05,0.0494170042651671,,0.07738441592197359,0.1199897900223732,0.7790216417321988,0.5578218628738637,0.5443583118001722,0.7648888888888888,0.4762622456669179,0.6351758793969849,0.20468027889728546,0.2568905030488968,4.417867199998
135,8.874118813150615e-05,0.04950110761471736,,0.07749442144492526,0.13275007903575897,0.7790597782062955,0.5575300319874125,0.5452185201211597,0.7664444444444445,0.4787234042553192,0.6331658291457286,0.2040197253227234,0.255703609890408,3.8600224000037997
136,8.640188470182198e-05,0.04947530561023288,,0.07912694570826895,0.13865892589092255,0.7791760514412289,0.5573820844067123,0.5443478260869565,0.7671111111111111,0.4796934865900383,0.629145728643216,0.20352604985237122,0.2546017047762871,4.355306600002223
137,8.40824107886773e-05,0.049401689780715075,,0.07673536333037012,0.12419039011001587,0.7792252274209851,0.5573551950429093,0.544425087108014,0.7675555555555555,0.4803996925441968,0.628140703517588,0.20333035290241241,0.2545174661411179,3.9790240000002086
138,8.178347292629525e-05,0.04938930434025364,,0.07641795985860589,0.1198667585849762,0.7792147613961391,0.5575832990686868,0.5450625269512721,0.7655555555555555,0.4773413897280967,0.6351758793969849,0.20400694012641907,0.25569267194138634,4.237235299995518
139,7.950577139341895e-05,0.04956443414643959,,0.07483968727382613,0.11698395013809204,0.779228668305866,0.5574514100690816,0.5434317501069748,0.7628888888888888,0.4731743666169896,0.6381909547738693,0.20517943799495697,0.25763064270549346,3.9964906000022893
140,7.725000000000003e-05,0.049437741852468915,,0.07754196336975804,0.11930473893880844,0.7792454426196604,0.5576718786377595,0.5451403887688985,0.766,0.478030303030303,0.6341708542713568,0.20411378145217896,0.25619813646210565,4.196413999998185
141,7.501684587585694e-05,0.04948614675689627,,0.074932451279443,0.11249145865440369,0.7792485967641345,0.5577181768413724,0.5398305084745763,0.7586666666666667,0.4666666666666667,0.6402010050251257,0.20660609006881714,0.2604398828215069,3.924118199996883
142,7.280698926136908e-05,0.049481125433503845,,0.07568220150323561,0.1086529940366745,0.7794012860307242,0.5581118257500125,0.5466491458607096,0.77,0.484472049689441,0.6271356783919598,0.2031938135623932,0.2539971338113149,3.9869767999989563
143,7.062110330026847e-05,0.0493510075741344,,0.07441545769940187,0.11695285141468048,0.7794551932271916,0.5581697087949643,0.5462516440157825,0.77,0.484447900466563,0.6261306532663317,0.2023492157459259,0.2529774351980951,3.928366100000858
144,6.845985383459411e-05,0.04939097699559765,,0.07648307544949615,0.11807292699813843,0.7794887418547802,0.5577147983370544,0.5441048034934498,0.768,0.4810810810810811,0.6261306532663317,0.2029469907283783,0.25397224734226864,4.6148577999992995
145,6.63238992018697e-05,0.04938097325740037,,0.07887293766310186,0.1472524255514145,0.7795188495974882,0.5575946593992867,0.5447402880838061,0.7682222222222223,0.48148148148148145,0.6271356783919598,0.20306585729122162,0.25386359010140097,4.74095070000476
146,6.421389003456775e-05,0.04942655544957997,,0.07723063115536431,0.1403988152742386,0.7795394949067735,0.5575981870141511,0.5451403887688985,0.766,0.478030303030303,0.6341708542713568,0.20379464328289032,0.2556277395221922,4.280795800004853
147,6.21304690619208e-05,0.04949970938909201,,0.07547917410179421,0.11091695725917816,0.7795759109384296,0.5577107345556697,0.5456896551724137,0.7657777777777778,0.47773584905660377,0.6361809045226131,0.20436212420463562,0.25651813985904065,3.924781500005338
148,6.0074270914139735e-05,0.04930913314959149,,0.07639177575891401,0.11356165260076523,0.779530032473351,0.5578342456232168,0.5442820292347378,0.7644444444444445,0.4755822689706987,0.6361809045226131,0.2048276960849762,0.25736395007371904,4.43794809999963
149,5.804592192909916e-05,0.049294333858990375,,0.07632612676164251,0.1183905079960823,0.779531896285995,0.557805007044174,0.5446584938704028,0.7688888888888888,0.48254460822342904,0.6251256281407035,0.20222602784633636,0.25312848223580253,3.953793799999403
150,5.60460399615489e-05,0.049439590976194096,,0.07886305497384366,0.12517741322517395,0.7795492440806027,0.5577567958718375,0.5438748913987836,0.7666666666666667,0.4789594491201224,0.629145728643216,0.20330779254436493,0.25499029562208386,4.324761500000022
151,5.407523419490968e-05,0.04938963607505516,,0.07775562385350097,0.1386474370956421,0.7795740471257859,0.5580764069633479,0.5449023861171367,0.7668888888888888,0.47938931297709925,0.6311557788944724,0.20370611548423767,0.25557414921787047,3.885116099998413
152,5.21341049557096e-05,0.0494084928046774,,0.07528127058420653,0.13365204632282257,0.7795675954666342,0.5583308137379933,0.5436387320885802,0.7664444444444445,0.4785932721712538,0.629145728643216,0.2035551220178604,0.25489744220839605,4.159601599996677
153,5.0223243530718984e-05,0.049422528732706,,0.07767677734847422,0.12183745950460434,0.7795162689338274,0.5579690347817678,0.5445071645679549,0.7668888888888888,0.4793577981651376,0.6301507537688442,0.2034742683172226,0.2548781085809072,3.8506343999979435
154,4.834323198683889e-05,0.04945372684318342,,0.07771917671701055,0.15830308198928833,0.7795188495974881,0.5579629107130388,0.5448997384481256,0.768,0.481139337952271,0.628140703517588,0.20303012430667877,0.2539296455913119,4.3025653999939095
155,4.6494642993797704e-05,0.049502111971378326,,0.07723859642390851,0.14314880967140198,0.7794785625703411,0.5579178637284835,0.5425623387790198,0.7635555555555555,0.4740796393688956,0.6341708542713568,0.20398813486099243,0.25579318824741576,3.8138162000032025
156,4.467803964971033e-05,0.04937527811637631,,0.07743114738920588,0.12327899038791656,0.7795637244711432,0.5577787673225771,0.5446623093681917,0.7677777777777778,0.4807692307692308,0.628140703517588,0.2034325897693634,0.2547981402344174,4.890737900001113
157,4.289397530955318e-05,0.04946540006332927,,0.07675545533866059,0.13653838634490967,0.7795178460060644,0.5576379083160768,0.5443530938987451,0.766,0.47796352583586627,0.6321608040201006,0.20367959141731262,0.25526197139422097,3.919525799996336
158,4.114299341660693e-05,0.04944004684134766,,0.08071578947114355,0.13678082823753357,0.7795525415952802,0.5574874316677668,0.5439655172413793,0.7648888888888888,0.4762264150943396,0.6341708542713568,0.20402096211910248,0.2558405232959323,4.619960299998638
159,3.942562733691836e-05,0.049481795755801375,,0.0764730991680681,0.11154719442129135,0.7795572728119915,0.5575947215725561,0.543647363872083,0.7653333333333333,0.47687642153146326,0.6321608040201006,0.20381247997283936,0.25553247425953546,3.8942435999997542
160,3.774240019683178e-05,0.04954889688042947,,0.07622739120765969,0.13186979293823242,0.7795853733718522,0.5575684369129551,0.5437229437229437,0.7657777777777778,0.47756653992395437,0.6311557788944724,0.203746035695076,0.25547387674119737,4.333565100001579
161,3.609382472363981e-05,0.04957042188372141,,0.07621605317165822,0.11829007416963577,0.7795889576269364,0.5575205608298883,0.5441941074523396,0.7662222222222222,0.4782939832444783,0.6311557788944724,0.20368964970111847,0.25538299187686714,3.9519329000031576
162,3.448040308940179e-05,0.04938429952771575,,0.07578137199635859,0.10874050855636597,0.7796183485186273,0.5574621467495395,0.5446698316788952,0.7655555555555555,0.4773071104387292,0.6341708542713568,0.2041367143392563,0.2561656839582655,4.168215199999395
163,3.2902626757977045e-05,0.04950249926359565,,0.07499596039638107,0.10741442441940308,0.7796415744915735,0.557470333698923,0.5448215839860748,0.7675555555555555,0.4804297774366846,0.629145728643216,0.20335067808628082,0.2546912121441629,3.891128999995999
164,3.1360976335320314e-05,0.04933263039515342,,0.0781997625750524,0.13412803411483765,0.7796739761575352,0.5576293361601999,0.5437908496732026,0.7673333333333333,0.48,0.6271356783919598,0.20313884317874908,0.2544226502312554,3.871809900003427
165,2.9855921423084698e-05,0.04952663886878225,,0.07664721242991494,0.16511106491088867,0.7796787073742464,0.5576094695238253,0.5444299956653663,0.7664444444444445,0.47865853658536583,0.6311557788944724,0.20375703275203705,0.2554873699943225,3.919760899996618
166,2.8387920475576312e-05,0.049483970221545964,,0.07530437575446235,0.10998275876045227,0.7797169872185463,0.5578870151069326,0.5448275862068965,0.7653333333333333,0.4769811320754717,0.6351758793969849,0.20473545789718628,0.25714894969595803,4.184957500001474
167,2.6957420660104538e-05,0.04938635303650373,,0.07581467829920628,0.10832888633012772,0.7797154101463093,0.5579282916799306,0.5448245993936769,0.7664444444444445,0.4786910197869102,0.6321608040201006,0.2040945440530777,0.25577564765347377,3.936310400000366
168,2.556485772077074e-05,0.04943481336037318,,0.0755447800512667,0.11847750842571259,0.7797003562749554,0.5579551567952165,0.5445071645679549,0.7668888888888888,0.4793577981651376,0.6301507537688442,0.20370443165302277,0.2553836263087061,4.260522700002184
169,2.421065584573633e-05,0.0495207393426954,,0.0767044648528099,0.12271469086408615,0.7797155535165126,0.5579832563665732,0.5430922477262884,0.7655555555555555,0.4771689497716895,0.6301507537688442,0.20412681996822357,0.2561025131675932,3.977424400000018
170,2.289522753801085e-05,0.049368018491400614,,0.0763563734513742,0.12216314673423767,0.7797402131914923,0.5580144007349823,0.5438748913987836,0.7666666666666667,0.4789594491201224,0.629145728643216,0.20385828614234924,0.2556254025697708,4.1546546000026865
171,2.1618973489799733e-05,0.04936543985465427,,0.07676673666746528,0.1285584568977356,0.7797743352998946,0.5580628499735687,0.5441239776151529,0.7646666666666667,0.4759036144578313,0.6351758793969849,0.20469340682029724,0.2570630311038759,3.9630503000007593
172,2.038228246044934e-05,0.049350085449807436,,0.0784865141282847,0.14578762650489807,0.7798216474670069,0.558056379505207,0.5433275563258232,0.7657777777777778,0.4775323686214775,0.6301507537688442,0.2038564831018448,0.2556538777682516,4.394816100000753
173,1.9185531158027382e-05,0.04943750803301364,,0.07769513364743304,0.1188947781920433,0.7798303930494125,0.558094007761601,0.5430922477262884,0.7655555555555555,0.4771689497716895,0.6301507537688442,0.2040603905916214,0.2560235881408056,3.8628115999963484
174,1.8029084124573725e-05,0.04934664314359794,,0.07895605997354896,0.11344825476408005,0.7798298195685991,0.5581058289782662,0.5430177258971033,0.7651111111111111,0.4764795144157815,0.6311557788944724,0.2042548507452011,0.2563848453031646,4.734339499998896
175,1.6913293625057484e-05,0.04936307940034219,,0.07563482763038741,0.1265411376953125,0.779863798306798,0.5579347515241222,0.5446698316788952,0.7655555555555555,0.4773071104387292,0.6341708542713568,0.20425134897232056,0.256364325940609,4.211418800005049
176,1.5838499540073755e-05,0.049355479394212184,,0.07656902056417347,0.1391686201095581,0.7798728306296103,0.5579157848152313,0.5430177258971033,0.7651111111111111,0.4764795144157815,0.6311557788944724,0.20431602001190186,0.2567223902808295,3.992657599999802
177,1.4805029262312604e-05,0.049336726466814675,,0.07638039729661411,0.11834803968667984,0.7798939060495057,0.557869995608331,0.5441941074523396,0.7662222222222222,0.4782939832444783,0.6311557788944724,0.2038758397102356,0.2556925205190976,3.999067400000058
178,1.3813197596832083e-05,0.049325895530206186,,0.07952515817718742,0.1192927211523056,0.7799290317493315,0.5579735280851414,0.5434027777777778,0.7662222222222222,0.4782276546982429,0.629145728643216,0.20374716818332672,0.255448650015725,4.000839599997562
179,1.2863306665165557e-05,0.04931573330620189,,0.07719431757742976,0.11739108711481094,0.7799126875461473,0.5579935785752517,0.5430922477262884,0.7655555555555555,0.4771689497716895,0.6301507537688442,0.20400862395763397,0.2560437864263852,3.964859899999283
180,1.1955645813292614e-05,0.049386168749612054,,0.0789098377213066,0.14503447711467743,0.7798788521781517,0.5579575357837381,0.5433275563258232,0.7657777777777778,0.4775323686214775,0.6301507537688442,0.2040128856897354,0.2561839928428332,4.12740119999944
181,1.1090491523501448e-05,0.049381649374593925,,0.07288775763209955,0.10100533068180084,0.7798864507989305,0.557878461764268,0.5435630689206762,0.766,0.47789634146341464,0.6301507537688442,0.20383626222610474,0.2557294934127066,4.032741900002293
182,1.0268107330169699e-05,0.0493859949487227,,0.07899958764513333,0.12632860243320465,0.7798878845009641,0.557871383952243,0.5427830596369922,0.7648888888888888,0.4761182714177407,0.6311557788944724,0.20425957441329956,0.2564663916362656,4.478936200001044
183,9.488743739489237e-06,0.0493716988482593,,0.07629677533735464,0.11479401588439941,0.7799042287041484,0.5578480059335329,0.5430922477262884,0.7655555555555555,0.4771689497716895,0.6301507537688442,0.2040160596370697,0.2560436975558599,3.878394899998966
184,8.752638153159642e-06,0.049458732575546074,,0.07810040669124803,0.1415456384420395,0.779887024279744,0.5578604366333091,0.5434125269978402,0.7651111111111111,0.4765151515151515,0.6321608040201006,0.20436841249465942,0.2566647182703018,3.9834846000012476
185,8.06001479607337e-06,0.049383119116594765,,0.07642565446871298,0.1388944536447525,0.7798976336747934,0.5578333574879295,0.5439584235599827,0.766,0.4779299847792998,0.6311557788944724,0.20405764877796173,0.2559805252684487,4.180165700003272
186,7.411084648014523e-06,0.049376989174404265,,0.07723399228703828,0.12839275598526,0.7798933325686923,0.5578556822017973,0.5433275563258232,0.7657777777777778,0.4775323686214775,0.6301507537688442,0.2039082795381546,0.25588267181979285,4.197292000004381
187,6.806045379392582e-06,0.04949620720229031,,0.07721522505636569,0.13500194251537323,0.7798987806364203,0.5578733489950315,0.5426961421759862,0.7655555555555555,0.4771341463414634,0.629145728643216,0.20398230850696564,0.256010787943999,4.013881099999708
188,6.245081291029854e-06,0.04947571405841981,,0.07661388731665081,0.15805990993976593,0.7799142646183843,0.5578998827577506,0.5427830596369922,0.7648888888888888,0.4761182714177407,0.6311557788944724,0.20432232320308685,0.25659573347700965,4.677993699995568
189,5.728363258021899e-06,0.04940113273483736,,0.07315677740139725,0.12005321681499481,0.7799093900314698,0.557974580266944,0.5433275563258232,0.7657777777777778,0.4775323686214775,0.6301507537688442,0.2040698528289795,0.25600478253761927,3.9344142000045395
190,5.256048677687108e-06,0.049274735888581216,,0.07664587045157398,0.11221002042293549,0.7799247306432304,0.5578794409166481,0.5439584235599827,0.766,0.4779299847792998,0.6311557788944724,0.2039559930562973,0.255812737484773,4.085905700005242
191,4.828281421622057e-06,0.04937350708577368,,0.07829950483124933,0.12190493941307068,0.7799129742865539,0.5578297096367159,0.5439584235599827,0.766,0.4779299847792998,0.6311557788944724,0.20400556921958923,0.2560430958138572,3.9500697999974363
192,4.445191791876801e-06,0.04944549436554497,,0.07989522750362937,0.14360302686691284,0.779920716277536,0.5578663644780911,0.5433275563258232,0.7657777777777778,0.4775323686214775,0.6301507537688442,0.2038843035697937,0.25583579513761734,4.837977499999397
193,4.1068964812636854e-06,0.0493355234739957,,0.07641257083526364,0.12483154237270355,0.7799237270518068,0.5579376170818254,0.5429314830875975,0.7657777777777778,0.4774980930587338,0.629145728643216,0.20384156703948975,0.2556103587812847,4.652625000002445
194,3.813498537811416e-06,0.049356840872838176,,0.07830200348923236,0.15332664549350739,0.7799128309163506,0.5578299038446223,0.5429314830875975,0.7657777777777778,0.4774980930587338,0.629145728643216,0.20382793247699738,0.25558567545811334,4.4432540999987395
195,3.5650873333757862e-06,0.0494086901070895,,0.07747111598282684,0.1360015869140625,0.779921146388146,0.5578137086528863,0.5426961421759862,0.7655555555555555,0.4771341463414634,0.629145728643216,0.20390650629997253,0.25572070189979346,3.919831500003056
196,3.3617385364161066e-06,0.04936647235795304,,0.07532663569774156,0.11812672764062881,0.779919139205299,0.5578362602703503,0.5429314830875975,0.7657777777777778,0.4774980930587338,0.629145728643216,0.20385533571243286,0.2556297666430473,4.347945199995593
197,3.2035140889457857e-06,0.0493536492648684,,0.07898842718130276,0.11353799700737,0.7799347665574663,0.5578332400493274,0.5426961421759862,0.7655555555555555,0.4771341463414634,0.629145728643216,0.20390935242176056,0.2557248935567008,3.9591053999974974
